{"cameraMode":{"drawMode":0,"name":"Shaded","section":"Shading Mode"},"sceneLighting":true,"audioPlay":false,"sceneViewState":{"m_AlwaysRefresh":false,"showFog":true,"showSkybox":true,"showFlares":true,"showImageEffects":true,"showParticleSystems":true,"showVisualEffectGraphs":true,"m_FxEnabled":true},"in2DMode":false,"pivot":{"x":0.38745880126953127,"y":1.9164601564407349,"z":-0.10639944672584534},"rotation":{"x":0.3016062378883362,"y":0.1409064531326294,"z":-0.04512109234929085,"w":0.9418855905532837},"size":7.421017169952393,"orthographic":false}