{"cameraMode":{"drawMode":0,"name":"Shaded","section":"Shading Mode"},"sceneLighting":true,"audioPlay":false,"sceneViewState":{"m_AlwaysRefresh":false,"showFog":true,"showSkybox":true,"showFlares":true,"showImageEffects":true,"showParticleSystems":true,"showVisualEffectGraphs":true,"m_FxEnabled":true},"in2DMode":false,"pivot":{"x":-0.9644091129302979,"y":2.849071979522705,"z":-0.8396034240722656},"rotation":{"x":0.13357987999916078,"y":0.30758893489837649,"z":-0.043659452348947528,"w":0.9410880208015442},"size":2.3768234252929689,"orthographic":true}